https://ssau.ru/rasp?groupId=531023230;6401-090301D
https://ssau.ru/rasp?groupId=531023552;6402-090301D
https://ssau.ru/rasp?groupId=531023671;6403-090301D
https://ssau.ru/rasp?groupId=531873291;6404-090301D
https://ssau.ru/rasp?groupId=531874221;6406-030301D
https://ssau.ru/rasp?groupId=531873795;6407-010302D
https://ssau.ru/rasp?groupId=531873797;6408-010302D
https://ssau.ru/rasp?groupId=531873798;6409-010302D
https://ssau.ru/rasp?groupId=531873846;6410-010302D
https://ssau.ru/rasp?groupId=531874231;6413-020302D
https://ssau.ru/rasp?groupId=531874232;6414-020302D
https://ssau.ru/rasp?groupId=531874233;6415-020302D
https://ssau.ru/rasp?groupId=531293695;6462-110301D
https://ssau.ru/rasp?groupId=531013110;6463-120305D
https://ssau.ru/rasp?groupId=531010833;6464-120304D
https://ssau.ru/rasp?groupId=531013096;6465-110303D
https://ssau.ru/rasp?groupId=531319571;6466-110304D
https://ssau.ru/rasp?groupId=531319562;6467-110304D
https://ssau.ru/rasp?groupId=531031436;6491-120304V
https://ssau.ru/rasp?groupId=661083460;6498-110303V
https://ssau.ru/rasp?groupId=552752677;6493-110303Z
https://ssau.ru/rasp?groupId=552751504;6496-090301Z
https://ssau.ru/rasp?groupId=552751518;6497-090301Z
https://ssau.ru/rasp?groupId=531030143;6411-100503D
https://ssau.ru/rasp?groupId=531873998;6412-100503D
https://ssau.ru/rasp?groupId=531046379;6461-110501D
